Name	mmX(row1)	mmY(row1)	mmZ(row1)	mmX(row2)	mmY(row2)	mmZ(row2)	mmX(row3)	mmY(row3)	mmZ(row3)	mmX(row4)	mmY(row4)	mmZ(row4)	mmX(row5)	mmY(row5)	mmZ(row5)	mmX(row6)	mmY(row6)	mmZ(row6)	mmX(row7)	mmY(row7)	mmZ(row7)	mmX(row8)	mmY(row8)	mmZ(row8)	mmX(row9)	mmY(row9)	mmZ(row9)	mmX(row10)	mmY(row10)	mmZ(row10)	mmX(row11)	mmY(row11)	mmZ(row11)	mmX(row12)	mmY(row12)	mmZ(row12)	mmX(row13)	mmY(row13)	mmZ(row13)	mmX(row14)	mmY(row14)	mmZ(row14)	mmX(row15)	mmY(row15)	mmZ(row15)	mmX(row16)	mmY(row16)	mmZ(row16)
E4SA001.csv	-120.9328	-20.57031	-392.1	-116.0109	-4.398438	-402	-110.3859	-2.289062	-421.8	-35.85469	-15.64844	-478.5	-19.68281	-21.27344	-480.3	-0.698438	-21.97656	-481.2	17.58281	-16.35156	-480.3	90.70781	-5.804688	-429	96.33281	-7.210938	-410.1	101.2547	-26.89844	-399.3	40.08281	120.7578	-367.8	43.59844	113.7266	-382.2	43.59844	110.2109	-397.5	-60.46406	115.8359	-392.1	-58.35469	117.2422	-382.2	-51.32344	121.4609	-371.4
E4SA002.csv	-121.2516	-41.49844	-490.9	-114.2203	-28.13906	-502.6	-104.3766	-20.40469	-514.3	-29.84531	-30.95156	-553	-10.86094	-31.65469	-552.1	3.904687	-30.95156	-554.8	20.07656	-26.73281	-557.5	93.20156	5.610938	-522.4	102.3422	-1.420313	-505.3	108.6703	-15.48281	-497.2	20.07656	113.1891	-460.3	27.10781	108.2672	-474.7	32.73281	102.6422	-487.3	-67.81406	89.28281	-480.1	-63.59531	97.72031	-469.3	-52.34531	106.8609	-454
E4SA003.csv	-118.9688	20.95625	-304	-110.5312	32.76875	-319.3	-104.3438	34.45625	-337.3	-47.53125	24.89375	-392.2	-29.53125	26.58125	-391.3	-21.65625	25.45625	-392.2	-3.65625	23.20625	-395.8	61.03125	32.76875	-355.3	70.59375	27.70625	-331	79.03125	17.58125	-320.2	25.03125	132.3313	-312.1	28.96875	125.5813	-319.3	23.90625	116.0188	-330.1	-63.84375	113.7688	-320.2	-63.28125	124.4563	-309.4	-58.21875	134.5813	-301.3
E4SA004.csv	-118.5533	-11.6962	-272.3	-110.4869	-1.209865	-281.3	-100.0005	2.016699	-302	-35.46925	-15.7294	-352.4	-15.30322	-16.53605	-349.7	-4.010251	-17.34269	-348.8	15.34913	-14.11612	-351.5	76.65385	6.049903	-293	87.14018	7.663186	-278.6	99.2398	-6.049712	-264.2	25.02883	127.8527	-241.7	29.06203	122.2062	-257	33.90188	116.5597	-276.8	-61.28176	106.88	-278.6	-57.24856	113.3332	-261.5	-50.79543	120.5929	-245.3
E4SA005.csv	-142.075	-25.125	-272	-130.075	-10.875	-281.6	-123.325	-7.125	-306.4	-41.575	-19.875	-366.4	-22.825	-25.875	-364	-4.824997	-27.375	-364.8	15.425	-25.125	-364.8	97.925	-26.625	-298.4	107.675	-25.875	-276	119.675	-43.875	-264	44.675	134.625	-252.8	52.925	121.875	-268.8	56.675	104.625	-296	-62.575	115.125	-292.8	-54.325	127.875	-271.2	-43.825	138.375	-252.8
E4SA006.csv	-127.2173	-36.33606	-284.7	-118.9947	-24.00207	-297.3	-111.5943	-20.71301	-321.6	-30.18995	-41.26966	-368.4	-6.344239	-42.09192	-366.6	5.167485	-42.91419	-364.8	25.72413	-40.44739	-362.1	104.6617	-19.89074	-316.2	108.773	-19.06848	-294.6	117.8179	-36.33606	-277.5	35.59133	112.4941	-271.2	41.34719	105.916	-280.2	47.10305	92.7597	-297.3	-51.56887	101.8046	-297.3	-52.39114	105.916	-282.9	-49.92433	114.1386	-272.1
E4SA007.csv	-90.38221	-23.85642	-513.5	-76.34901	-10.75876	-521.5	-65.12244	-11.6943	-543.5	-4.311886	-32.27634	-589.5	16.27015	-36.01853	-589.5	27.49671	-38.82517	-590.5	49.01429	-37.88962	-587.5	120.1159	-40.69626	-541.5	132.278	-37.88962	-522.5	143.5045	-47.24509	-513.5	74.27406	97.76469	-502.5	81.75844	87.47368	-512.5	86.43617	80.92485	-532.5	-10.86072	89.34477	-527.5	-2.440793	95.8936	-511.5	5.043583	106.1846	-498.5
E4SA008.csv	-112.784	-40.10747	-287.6	-106.2801	-24.20904	-302.9	-99.77621	-23.48638	-320.9	-26.0653	-35.04888	-362.3	-6.553584	-38.66216	-362.3	8.622192	-37.9395	-362.3	25.24328	-29.99029	-356.9	95.34091	-6.14264	-316.4	100.3995	-6.14264	-295.7	108.3487	-21.31842	-278.6	32.46984	108.037	-274.1	40.41906	100.0878	-289.4	35.36046	99.36513	-299.3	-62.92075	89.97061	-304.7	-64.36607	96.47451	-293	-60.03013	99.36513	-277.7
E4SA009.csv	-95.27344	-83.21407	-275.4	-90.35156	-67.74532	-285	-85.42969	-61.41719	-301.8	-27.07031	-69.85469	-362.6	-9.492188	-70.55782	-362.6	17.92969	-69.85469	-365	35.50781	-68.44844	-364.2	95.27344	-63.52657	-305	98.78906	-71.26094	-286.6	101.6016	-88.83907	-273	34.10156	41.23906	-248.2	41.83594	37.72343	-259.4	45.35156	34.91093	-277	-40.42969	37.02031	-276.2	-37.61719	41.94218	-257	-36.21094	48.97343	-241
E4SA010.csv	-101.1883	-59.53839	-420.7	-96.64146	-51.20245	-434.3	-84.51647	-44.38215	-462.3	-7.977462	-51.20245	-507.9	13.24127	-54.99151	-505.5	27.6397	-54.99151	-505.5	44.31157	-49.68683	-507.9	113.2725	-37.56184	-452.7	118.5771	-39.07746	-427.1	121.6084	-51.20245	-403.9	54.16312	92.02402	-404.7	54.92093	85.96152	-415.9	54.92093	83.68808	-427.1	-43.59463	73.07871	-434.3	-41.32119	79.89902	-419.9	-41.32119	85.96152	-407.9
E4SA011.csv	-100.9672	-24.25781	-289.6	-85.49844	-13.00781	-294.4	-69.32657	-5.976562	-304	15.75156	-25.66406	-360	30.51718	-29.17969	-364.8	36.84531	-32.69531	-364	53.01718	-32.69531	-360.8	132.4703	-53.08594	-302.4	140.2047	-61.52344	-292	155.6734	-81.21094	-287.2	96.61093	62.22656	-210.4	103.6422	60.11719	-226.4	107.1578	58.71094	-247.2	5.907806	78.39844	-249.6	9.423431	84.02344	-236	22.07968	81.91406	-220
E4SA012.csv	-140.0865	-28.58538	-262.35	-130.6881	-11.35491	-267.15	-124.4225	-8.222099	-283.95	-42.96936	-25.45257	-341.55	-21.82288	-27.01897	-343.15	-6.158822	-23.88616	-339.95	17.33727	-23.88616	-339.15	89.39195	-3.522882	-282.35	95.65757	-6.655694	-262.35	102.7064	-24.66936	-253.55	25.1693	126.4888	-221.55	29.08531	116.3072	-232.75	29.08531	113.9576	-250.35	-68.81506	110.0416	-249.55	-71.16467	115.524	-233.55	-68.81506	125.7056	-221.55
E4SA013.csv	-109.7953	-22.85156	-271.3	-104.8734	-8.085938	-277.7	-99.24844	-1.054688	-300.9	-31.04532	-10.89844	-352.1	-11.35782	-10.89844	-351.3	1.298432	-10.89844	-352.9	20.98593	-7.382812	-352.1	83.56406	3.867188	-296.9	87.78281	-1.054688	-276.1	95.51718	-17.92969	-264.9	26.61093	122.6953	-245.7	30.82968	115.6641	-258.5	30.82968	115.6641	-274.5	-58.46719	112.8516	-278.5	-59.87344	114.2578	-265.7	-52.84219	120.5859	-254.5
E4SA014.csv	-133.4793	-64.39966	-408.25	-121.1668	-51.31763	-423.25	-110.3934	-46.70044	-449.25	-41.1356	-53.62622	-503.25	-24.20592	-49.77857	-507.25	-12.66295	-49.00904	-508.25	4.266731	-48.23951	-502.25	74.29405	-35.92701	-452.25	81.21983	-37.46607	-432.25	93.53233	-54.39576	-414.25	22.73548	79.50264	-403.25	26.58313	73.34639	-417.25	34.27844	57.18624	-427.25	-68.06918	65.65108	-420.25	-68.06918	67.95967	-410.25	-61.91293	75.65498	-400.25
E4SA015.csv	-148.0396	-23.21769	-110.75	-135.6568	-11.45401	-120.35	-127.608	-10.83487	-146.75	-68.17045	-20.74113	-208.35	-50.21536	-26.93254	-211.55	-32.26027	-29.4091	-215.55	-13.0669	-31.88567	-220.35	63.70658	-32.50481	-173.15	74.23199	-35.60051	-148.35	84.75738	-53.5556	-136.35	33.98782	85.13198	-84.35	34.60696	78.94057	-107.55	38.94094	65.93861	-125.15	-68.17045	83.8937	-105.15	-64.4556	91.3234	-88.35	-57.64505	93.18082	-68.35
E4SA016.csv	-145.9484	3.873437	-305.85	-137.5109	13.01406	-322.05	-126.2609	11.60781	-336.45	-47.51094	0.357812	-406.65	-32.74531	-1.048437	-405.75	-15.16719	1.060938	-406.65	-0.401563	5.279687	-407.55	73.42656	36.21719	-346.35	82.56718	39.73281	-322.95	100.1453	34.81094	-304.95	9.442187	156.4516	-293.25	10.84844	146.6078	-316.65	7.332812	145.2016	-331.95	-85.47969	134.6547	-328.35	-88.29219	136.7641	-312.15	-87.58907	145.9047	-299.55
E4SA017.csv	-107.5754	-16.66207	-331.45	-99.50114	1.349655	-349.85	-94.53239	4.455125	-368.25	-28.69643	-6.103473	-423.45	-17.51674	-6.103473	-426.65	-0.747201	-4.861285	-427.45	16.64343	-6.103473	-423.45	83.10049	7.560595	-363.45	86.82705	6.939501	-345.85	98.62784	-9.208943	-327.45	39.62391	123.7052	-302.65	40.8661	119.3575	-316.25	35.89735	115.0099	-324.25	-59.75113	111.9044	-328.25	-60.37223	115.631	-315.45	-61.61441	121.2208	-300.25
E4SA018.csv	-107.5754	-16.66207	-331.45	-99.50114	1.349655	-349.85	-94.53239	4.455125	-368.25	-28.69643	-6.103473	-423.45	-17.51674	-6.103473	-426.65	-0.747201	-4.861285	-427.45	16.64343	-6.103473	-423.45	83.10049	7.560595	-363.45	86.82705	6.939501	-345.85	98.62784	-9.208943	-327.45	39.62391	123.7052	-302.65	40.8661	119.3575	-316.25	35.89735	115.0099	-324.25	-59.75113	111.9044	-328.25	-60.37223	115.631	-315.45	-61.61441	121.2208	-300.25
E4SA019.csv	-114.7529	-33.38967	-312.3	-103.2393	-17.27054	-327.6	-96.33107	-14.9678	-343.8	-34.15725	-19.57327	-399.6	-20.34085	-19.57327	-402.3	-0.383821	-20.34085	-406.8	13.43258	-19.57327	-403.2	81.74702	-17.27054	-355.5	87.88765	-18.80569	-341.1	105.5419	-37.22757	-322.2	39.53023	103.2392	-289.8	45.67086	97.09859	-298.8	47.9736	90.19038	-313.2	-51.04397	91.72554	-309.6	-49.50881	97.86616	-296.1	-37.99514	104.7744	-288
E4SA020.csv	-149.6547	-17.22656	-359.65	-130.6703	-2.460938	-366.85	-112.3891	-0.351562	-380.35	-43.48281	-22.14844	-432.55	-23.09219	-19.33594	-431.65	-9.732813	-19.33594	-431.65	9.251562	-23.55469	-428.05	81.67344	-11.60156	-376.75	94.32969	-12.30469	-363.25	116.1266	-31.28906	-349.75	23.31406	106.5234	-320.05	31.75156	100.1953	-332.65	38.07969	95.97656	-345.25	-58.24844	103.7109	-347.05	-54.73281	105.1172	-332.65	-45.59219	111.4453	-320.05
E4SA021.csv	-90.95042	-26.20748	-344.75	-77.94261	-11.75436	-347.45	-64.9348	-13.19967	-364.55	10.22142	-24.03951	-414.95	23.95189	-27.65279	-411.35	41.29563	-27.65279	-413.15	55.02609	-27.65279	-410.45	130.1823	-21.87154	-368.15	135.2409	-23.31685	-347.45	153.3073	-44.27388	-333.95	78.87374	103.1479	-303.35	85.37765	97.3667	-312.35	85.37765	92.3081	-324.05	-12.18092	98.81201	-334.85	-6.399667	105.3159	-326.75	-0.618419	111.8198	-316.85
E4SA022.csv	-97.05511	0.945641	-240.6	-84.2387	14.51595	-246	-75.19183	17.53157	-259.5	-12.61763	0.191735	-312.6	5.476111	-3.577795	-315.3	26.58548	-8.101231	-316.2	42.4175	-5.085607	-309.9	99.71436	-6.593419	-246.9	108.7612	-11.87076	-234.3	117.8081	-29.2106	-230.7	67.2964	105.7386	-187.5	70.31203	104.2308	-203.7	66.5425	107.2464	-210	-19.40279	111.0159	-219	-17.89498	111.7698	-210.9	-11.10982	115.5394	-192
E4SA023.csv	-117.7793	-44.8769	-321.5	-104.0332	-32.74799	-331.4	-96.75583	-27.89643	-345.8	-22.36518	-50.53706	-399.8	-10.23627	-53.77144	-403.4	0.275451	-55.38863	-405.2	12.40436	-56.19722	-400.7	93.26376	-41.64253	-352.1	102.9669	-47.30268	-335	116.713	-61.04878	-327.8	50.40828	60.24032	-274.7	56.06844	54.58016	-287.3	52.02547	51.34578	-305.3	-49.85738	51.34578	-302.6	-49.04878	57.81453	-285.5	-37.72847	63.47469	-273.8
E4SA024.csv	-106.4712	-45.37119	-484.5	-98.58054	-33.53526	-493.3	-85.95556	-28.80089	-514.1	-22.83059	-35.90245	-571.7	-7.838417	-36.69151	-568.5	14.25532	-38.26963	-567.7	30.82562	-34.32433	-568.5	81.32559	-27.22277	-507.7	89.21621	-30.37901	-484.5	99.47401	-46.16025	-466.9	39.5053	95.8709	-442.1	40.29436	91.9256	-457.3	42.66155	87.98029	-481.3	-44.13527	90.34747	-489.3	-46.50246	91.13654	-469.3	-50.44776	96.65997	-450.1
E4SA025.csv	-117.8525	-17.24152	-284.15	-107.6044	-4.198545	-296.75	-98.28803	-5.130186	-311.15	-30.27824	-21.89972	-349.85	-9.782134	-28.42121	-354.35	13.50889	-29.35285	-353.45	30.27843	-31.21613	-347.15	100.1515	-47.05403	-304.85	107.6046	-47.98567	-287.75	111.3312	-62.89193	-275.15	75.92884	74.0593	-233.75	74.9972	77.78587	-254.45	73.13391	72.19601	-273.35	-25.62003	88.96555	-276.95	-17.23526	95.48704	-260.75	-21.89347	97.35033	-245.45
E4SA026.csv	-95.35156	-59.77344	-102.95	-88.32031	-48.52344	-115.75	-81.99219	-47.11719	-130.15	-3.242188	-66.10156	-183.75	13.63281	-64.69531	-178.95	39.64844	-66.10156	-179.75	50.89844	-68.21094	-185.35	129.6484	-52.03906	-120.55	133.1641	-55.55469	-104.55	136.6797	-67.50781	-85.35	63.55469	70.30469	-90.15	68.47656	59.05469	-104.55	71.28906	49.91406	-115.75	-29.96094	54.83594	-116.55	-27.14844	65.38281	-106.15	-20.82031	73.11719	-95.75
E4SA027.csv	-115.6641	-21.44531	-310.8	-104.4141	-8.085938	-318.9	-92.46094	1.054688	-333.3	-24.96094	-8.085938	-386.4	-7.382812	-13.71094	-388.2	5.976562	-16.52344	-388.2	20.03906	-13.00781	-384.6	86.13281	-8.789062	-335.1	90.35156	-11.60156	-320.7	103.0078	-35.50781	-304.5	62.22656	103.0078	-268.5	63.63281	95.97656	-286.5	58.71094	93.86719	-300.9	-44.64844	98.08594	-295.5	-41.83594	99.49219	-285.6	-40.42969	107.2266	-274.8
E4SA028.csv	-118.2861	-29.13772	-279.45	-108.3252	-18.34671	-292.05	-95.04396	-11.70608	-311.85	-31.95803	-21.66702	-374.85	-17.01663	-27.47757	-377.55	-2.905305	-27.47757	-373.05	9.545865	-22.4971	-375.75	82.59273	-15.0264	-322.65	90.89351	-15.85647	-306.45	101.6845	-32.45804	-287.55	53.54	106.165	-243.45	50.21969	106.9951	-256.95	48.55953	104.5048	-271.35	-53.54006	102.8447	-269.55	-55.20022	97.86421	-256.95	-52.70998	111.1455	-238.05
E4SA029.csv	-166.1664	-71.02256	-309.5	-149.8382	-55.43661	-316.7	-135.7367	-49.4991	-329.5	-57.06475	-64.34287	-391.9	-37.02567	-66.56943	-393.5	-19.95535	-67.31162	-395.1	-0.65846	-62.1163	-395.1	68.36502	-45.78817	-338.3	77.27128	-46.53035	-325.5	99.53692	-62.85849	-314.3	20.86499	73.7041	-255.9	19.38061	69.25098	-269.5	17.15405	70.73535	-279.1	-88.97883	74.44629	-276.7	-90.46321	71.47754	-266.3	-85.26789	78.15723	-255.1
E4SA030.csv	-115.0625	-28.4375	-353.25	-108.9375	-3.0625	-372.15	-98.4375	-1.3125	-385.65	-20.5625	-11.8125	-447.75	-3.9375	-15.3125	-448.65	10.0625	-16.1875	-448.65	27.5625	-14.4375	-448.65	107.1875	-9.1875	-392.85	114.1875	-14.4375	-373.95	121.1875	-40.6875	-353.25	50.3125	119.4375	-317.25	55.5625	112.4375	-333.45	60.8125	109.8125	-352.35	-40.6875	118.5625	-348.75	-38.9375	120.3125	-333.45	-29.3125	125.5625	-320.85
E4SA031.csv	-116.5703	-42.39218	-281.4	-106.0234	-26.22031	-283.2	-97.58594	-22.70468	-296.7	-25.86719	-36.06406	-341.7	-11.10156	-37.47031	-342.6	12.80469	-36.06406	-340.8	30.38281	-31.14218	-339.9	100.6953	-17.07968	-292.2	110.5391	-19.89218	-272.4	123.8984	-35.36093	-265.2	51.47656	111.5922	-230.1	59.21094	101.0453	-247.2	58.50781	99.63907	-261.6	-56.80469	93.31094	-267	-54.69531	98.93594	-249.9	-49.07031	108.7797	-235.5
E4SA032.csv	-111.8891	-8.551562	-403.1	-102.0453	4.104688	-416.7	-95.01406	10.43281	-434.3	-20.48281	-20.50469	-487.1	-6.420312	-22.61406	-487.9	9.751562	-23.31719	-489.5	23.11094	-24.72344	-486.3	105.3766	-0.817187	-439.9	111.0016	-2.223438	-425.5	120.8453	-19.80156	-410.3	59.67344	125.7453	-405.5	63.89219	118.0109	-415.9	62.48594	113.7922	-429.5	-40.87344	118.0109	-425.5	-41.57656	120.8234	-413.5	-35.95156	127.1516	-404.7
E4SA033.csv	-108.4168	-34.10033	-463.25	-104.6082	-17.34251	-477.25	-100.7996	-8.963602	-499.25	-26.15111	-3.631569	-544.25	-11.67845	-2.86985	-546.25	2.032496	-0.584693	-545.25	16.50516	0.177025	-545.25	82.77471	10.07937	-494.25	88.10674	3.223902	-474.25	97.24737	-16.58079	-459.25	21.07547	109.1028	-427.25	30.2161	105.2943	-440.25	33.26297	101.4856	-458.25	-66.52222	93.86846	-460.25	-66.52222	97.67705	-441.25	-58.90502	103.7708	-423.25
E4SA034.csv	-132.8925	-43.38549	-353.05	-127.3418	-29.90501	-366.55	-113.8613	-22.76829	-382.75	-40.11518	-33.86986	-445.75	-24.2558	-34.66283	-449.35	-7.603452	-33.86986	-448.45	5.877021	-31.49095	-449.35	81.20908	-13.25267	-395.35	90.7247	-17.21751	-381.85	107.3771	-33.86986	-370.15	26.49422	94.59112	-332.35	29.66609	89.04034	-344.95	28.87312	87.4544	-357.55	-67.8691	85.86846	-355.75	-69.45503	85.07549	-338.65	-67.07613	90.62627	-325.15
E4SA035.csv	-132.5766	-43.94531	-254.6	-117.1078	-26.36719	-271.4	-110.7797	-26.36719	-286.6	-49.60782	-47.46094	-339.4	-36.24844	-48.16406	-345	-13.74844	-48.86719	-345	-1.092193	-49.57031	-339.4	68.51718	-33.39844	-298.6	76.25156	-31.99219	-283.4	100.1578	-53.08594	-264.2	35.47031	79.10156	-231.4	40.39218	72.07031	-251.4	36.87656	71.36719	-269	-62.26407	72.07031	-259.4	-60.15469	75.58594	-243.4	-53.82657	81.91406	-223.4
E4SA036.csv	-133.5266	-52.04531	-246.5	-125.0891	-41.49844	-260	-120.1672	-37.27969	-277.1	-52.66719	-45.71719	-328.4	-37.19844	-47.12344	-328.4	-16.80781	-46.42031	-332	0.067188	-42.90469	-331.1	63.34844	-25.32656	-278	67.56718	-24.62344	-264.5	78.81718	-36.57656	-241.1	16.94219	91.39219	-227.6	14.12969	85.76719	-241.1	13.42656	82.95469	-250.1	-94.15157	73.11094	-252.8	-96.26094	77.32969	-242.9	-94.85469	85.76719	-233
E4SA037.csv	-151.7387	-35.59576	-284.25	-141.1918	-21.53326	-294.15	-135.9184	-18.01764	-306.75	-48.02779	-30.32232	-366.15	-36.60201	-35.59576	-362.55	-18.14499	-35.59576	-359.85	2.948757	-28.56451	-354.45	74.14014	-20.65435	-300.45	81.17139	-26.8067	-286.05	92.59717	-39.99029	-279.75	24.0425	97.99796	-228.45	29.31594	91.84561	-246.45	27.55813	85.69327	-259.95	-74.39497	88.32999	-262.65	-77.9106	93.60342	-246.45	-73.51607	96.24014	-228.45
E4SA038.csv	-81.07478	-8.239621	-324.75	-69.07087	6.336553	-331.95	-57.92439	2.906865	-346.35	9.811951	-20.24353	-402.15	20.10102	-27.1029	-403.05	34.67719	-31.39001	-403.05	45.82367	-32.24744	-403.05	116.1323	-44.25135	-345.45	122.1342	-41.67908	-329.25	126.4213	-62.25721	-315.75	96.41157	95.50844	-300.45	100.6987	86.0768	-311.25	100.6987	83.50453	-323.85	14.95648	104.0827	-327.45	14.95648	106.6549	-311.25	23.5307	114.3717	-299.55
E4SA039.csv	-96.12813	-25.62813	-220.65	-86.03438	-10.19063	-241.45	-79.50313	-7.221878	-261.45	-20.72188	-22.65938	-327.05	-5.284378	-27.40938	-326.25	15.49687	-28.59688	-323.05	32.12187	-26.22188	-323.85	98.02812	-20.87813	-269.45	104.5594	-23.84688	-252.65	112.8719	-41.06563	-231.85	73.09062	97.87187	-227.05	73.68437	93.12187	-238.25	74.87187	88.37187	-247.85	-29.62813	94.90312	-242.25	-28.44063	99.05937	-233.45	-21.31563	102.0281	-223.85
E4SA040.csv	-118.3838	-41.16106	-316.05	-112.5556	-24.40519	-331.25	-105.999	-22.94816	-345.65	-38.97551	-38.97551	-405.65	-20.76261	-41.16106	-405.65	-4.006742	-42.61809	-406.45	12.74913	-44.07512	-407.25	89.97182	-37.51848	-352.05	92.88589	-39.70403	-332.85	97.25698	-60.10247	-316.05	40.43274	92.88589	-287.25	45.53234	84.14369	-298.45	44.80383	84.14369	-309.65	-48.44622	92.88589	-312.05	-45.53215	93.6144	-297.65	-45.53215	103.0851	-282.45
E4SA041.csv	-117.7734	-49.86094	-289.45	-108.6328	-33.68906	-299.85	-102.3047	-25.25156	-319.05	-28.47656	-54.07969	-367.85	-12.30469	-59.00156	-369.45	8.789062	-59.70469	-370.25	24.96094	-57.59531	-366.25	100.1953	-47.04844	-312.65	100.8984	-53.37656	-295.85	105.1172	-76.57969	-281.45	67.14844	73.88906	-242.25	66.44531	65.45156	-257.45	60.82031	65.45156	-267.85	-40.42969	73.18594	-272.65	-45.35156	76.70156	-260.65	-42.53906	83.73281	-246.25
E4SA042.csv	-121.4311	-50.13572	-386.15	-103.5482	-36.08493	-398.15	-94.60683	-36.08493	-412.55	-22.43689	-43.749	-467.75	-5.831422	-49.49705	-472.55	11.41272	-50.13572	-472.55	33.76624	-46.30369	-466.15	111.6842	-49.49705	-410.15	119.987	-52.69041	-400.55	128.9284	-63.54783	-394.15	68.25453	69.93462	-349.35	66.33852	64.18657	-362.95	69.53188	59.07719	-378.95	-33.93299	62.27055	-374.15	-32.01698	66.10259	-358.95	-24.99158	71.85063	-346.95
E4SA043.csv	-140.6545	-23.25022	-212.75	-126.5569	-12.28538	-229.85	-118.7248	-9.152566	-246.05	-35.7053	-31.08225	-302.75	-17.69163	-28.73264	-303.65	-0.461168	-28.73264	-300.95	19.11891	-27.94944	-300.95	96.65601	-2.103739	-254.15	99.78882	-0.537332	-238.85	118.5857	-14.63499	-225.35	26.95094	117.7263	-194.75	32.43336	104.4119	-212.75	35.56617	96.57984	-225.35	-63.90061	90.31422	-232.55	-63.90061	97.36304	-220.85	-53.71897	109.8943	-204.65
E4SA044.csv	-104.2387	-38.41752	-348.6	-92.81287	-18.61282	-358.5	-84.43396	-18.61282	-375.6	-18.1644	-32.32377	-431.4	-5.215181	-30.80033	-427.8	13.06607	-30.80033	-426	25.25358	-30.80033	-431.4	92.28485	-16.32766	-373.8	101.4255	-14.04251	-360.3	113.613	-32.32377	-348.6	48.86687	105.5474	-321.6	51.91374	96.40675	-333.3	52.67546	88.02784	-350.4	-48.63316	87.26612	-346.8	-47.87145	94.12159	-331.5	-41.7777	104.0239	-319.8
E4SA045.csv	-109.1328	-34.03906	-352.3	-99.99219	-17.86719	-366.7	-94.36719	-13.64844	-380.2	-24.05469	-23.49219	-450.4	-10.69531	-29.11719	-457.6	14.61719	-29.11719	-455.8	27.27344	-25.60156	-449.5	97.58594	-11.53906	-387.4	103.9141	-12.24219	-369.4	113.0547	-34.03906	-349.6	56.10156	105.1797	-339.7	58.91406	96.03906	-347.8	57.50781	90.41406	-360.4	-52.17969	88.30469	-364	-51.47656	93.92969	-350.5	-47.96094	103.7734	-341.5
E4SA046.csv	-131.1824	-34.50502	-379.1	-116.6277	-21.56752	-390.3	-102.8816	-15.90736	-412.7	-22.02221	-40.97377	-455.1	-5.850331	-40.97377	-455.1	14.36452	-40.16518	-456.7	29.7278	-41.78237	-453.5	108.97	-26.41908	-406.3	117.8645	-28.03627	-390.3	133.2278	-45.01675	-376.7	59.64578	102.1474	-350.3	63.68875	95.67861	-366.3	68.54031	87.59267	-381.5	-46.28003	93.25283	-384.7	-43.04565	100.5302	-370.3	-40.61987	106.9989	-357.5
E4SA047.csv	-140.4363	-42.48794	-405.8	-126.2449	-29.6481	-416.6	-114.7567	-28.29654	-432.8	-46.50279	-41.13638	-491.3	-28.2567	-39.78481	-491.3	-6.631707	-40.46059	-492.2	10.26282	-41.13638	-490.4	79.86826	-31.67544	-435.5	87.30185	-33.70278	-415.7	97.43857	-49.92153	-399.5	26.48156	97.39873	-386	36.61828	85.91045	-395	34.59094	83.88311	-405.8	-68.80356	83.88311	-405.8	-71.50668	83.88311	-395.9	-60.69419	93.34404	-392.3
E4SA048.csv	-128.3494	-13.88494	-195.3	-108.0662	-0.798999	-212.4	-93.67166	0.509595	-230.4	-26.27907	-15.84783	-284.4	-13.84743	-21.7365	-290.7	7.744371	-25.00799	-288.9	22.7932	-23.69939	-284.4	98.69166	-21.7365	-234.9	101.3088	-23.0451	-216.9	116.3577	-46.59979	-199.8	56.81665	86.2225	-164.7	66.6311	77.06234	-181.8	66.6311	74.44515	-195.3	-36.74783	91.45688	-192.6	-33.47634	92.11118	-178.2	-27.58767	98.65414	-163.8
E4SA049.csv	-128.1043	-56.22311	-366.4	-120.0965	-39.40671	-376.3	-112.0887	-40.20749	-392.5	-40.8192	-60.22701	-445.6	-24.00279	-61.02779	-445.6	-7.987175	-61.82858	-447.4	12.03235	-61.82858	-444.7	77.6964	-33.80124	-388.9	84.90342	-31.3989	-372.7	96.11436	-45.81296	-361	24.84485	100.73	-352.9	28.04797	92.72215	-365.5	24.04406	91.92138	-378.1	-73.65121	87.11669	-379	-76.85434	87.91747	-363.7	-71.24887	97.52684	-351.1
E4SA050.csv	-139.253	-1.157322	-367.7	-122.2803	12.72939	-377.6	-114.5655	10.41494	-393.8	-26.6163	-10.41513	-436.1	-11.18661	-12.72958	-436.1	8.87197	-11.9581	-435.2	24.30165	-11.18661	-432.5	103.7645	17.35829	-382.1	114.5653	19.67275	-359.6	127.6805	4.243066	-347	40.50281	153.1395	-324.5	37.41688	152.368	-340.7	41.2743	147.7391	-353.3	-69.04791	129.2235	-373.1	-65.19049	138.4813	-356	-53.61823	147.7391	-342.5
E4SA051.csv	-152.575	-17.125	-200.85	-136.075	-8.875	-214.35	-121.825	-9.625	-229.65	-44.575	-29.125	-288.15	-30.325	-29.875	-287.25	-19.075	-30.625	-289.05	1.925003	-26.125	-285.45	75.425	-9.625	-235.95	89.675	-8.875	-220.65	106.925	-11.875	-212.55	20.675	121.625	-163.05	16.925	123.875	-183.75	12.425	124.625	-197.25	-66.325	126.125	-198.15	-70.825	124.625	-183.75	-69.325	123.125	-164.85
E4SA052.csv	-130.7587	-52.65089	-416.25	-120.993	-41.90871	-430.65	-110.2509	-32.14309	-456.75	-45.79778	-37.0259	-522.45	-30.17279	-37.0259	-521.55	-16.50092	-38.00246	-521.55	1.077199	-38.00246	-522.45	69.43654	-37.0259	-462.15	81.15528	-47.76808	-441.45	85.06153	-59.48683	-426.15	31.35062	94.80997	-390.15	30.37406	88.95059	-411.75	30.37406	89.92715	-426.15	-57.51652	94.80997	-421.65	-59.46965	90.90372	-410.85	-60.4462	97.73965	-391.95
E4SA053.csv	-144.9141	-33.30469	-406.05	-135.7266	-25.64844	-428.45	-128.0703	-27.94531	-447.65	-54.57031	-50.91406	-497.25	-34.66406	-55.50781	-495.65	-24.71094	-56.27344	-495.65	-4.039062	-54.74219	-495.65	65.63281	-45.55469	-442.05	75.58594	-44.02344	-422.85	81.71094	-55.50781	-403.65	22.75781	86.89844	-390.85	25.05469	73.88281	-411.65	25.05469	73.11719	-430.05	-66.05469	80.77344	-434.85	-68.35156	82.30469	-418.85	-62.22656	94.55469	-398.85
E4SA054.csv	-140.3321	-48.47587	-223.4	-128.7071	-27.40557	-236.9	-122.168	-23.77276	-259.4	-49.51182	-40.48369	-318.8	-33.52746	-39.75713	-317.9	-26.26184	-40.48369	-319.7	-6.644665	-44.1165	-322.4	68.91779	-18.68683	-275.6	80.54278	-23.0462	-254.9	95.07401	-45.56963	-242.3	23.87094	88.11778	-202.7	20.96469	83.75841	-217.1	18.05844	77.94591	-232.4	-72.76181	71.40686	-227	-70.58212	74.3131	-217.1	-71.30868	85.21153	-196.4
E4SA055.csv	-128.8391	-32.92656	-478.25	-119.6984	-16.05156	-491.85	-108.4484	-13.94218	-512.65	-43.05782	-29.41093	-554.25	-23.37032	-28.70781	-552.65	-12.82344	-28.70781	-551.85	8.270309	-29.41093	-554.25	75.77031	-21.67656	-513.45	83.50468	-23.78593	-497.45	94.05156	-40.66093	-486.25	27.95781	98.55782	-455.05	30.77031	91.52657	-467.05	30.77031	88.71407	-477.45	-57.12032	91.52657	-479.05	-57.82344	95.04219	-469.45	-53.60469	102.7766	-458.25
E4SA056.csv	-116.4599	-17.75603	-366.1	-114.1689	1.335772	-386.8	-107.2959	-1.718916	-403.9	-31.69236	-5.537276	-454.3	-15.65524	-6.300948	-453.4	-3.436492	-5.537276	-453.4	12.60062	-6.300948	-456.1	92.02251	-2.482588	-410.2	95.84087	-0.191572	-395.8	99.65923	-19.28337	-375.1	40.85648	127.3417	-338.2	39.32914	129.6327	-351.7	35.51078	125.8143	-364.3	-50.02049	126.578	-361.6	-53.07517	128.869	-351.7	-50.78416	129.6327	-341.8
E4SA057.csv	-142.3828	-21.15469	-264.85	-126.9141	-12.01406	-276.05	-114.2578	-12.01406	-290.45	-45.35156	-18.34219	-340.85	-21.44531	-23.26406	-350.45	-6.679688	-22.56094	-349.65	17.92969	-19.04531	-343.25	92.46094	-6.389062	-292.05	103.0078	-4.982812	-284.05	121.2891	-12.71719	-273.65	22.14844	106.8141	-238.45	29.17969	98.37656	-251.25	30.58594	92.75156	-266.45	-65.03906	90.64219	-260.85	-60.82031	95.56406	-245.65	-52.38281	104.0016	-232.05
E4SA058.csv	-128.3025	-9.457919	-305.3	-108.4939	4.948337	-313.4	-98.58959	4.948337	-326	-20.25557	-6.756746	-369.2	-1.347363	-5.856356	-371	11.25811	-4.055573	-370.1	31.06671	-4.955965	-364.7	102.1976	4.047945	-312.5	111.2015	4.948337	-299	128.3089	-7.657137	-290	41.87141	126.5011	-262.1	47.27375	121.0988	-270.2	48.17414	118.3976	-283.7	-50.86887	115.6964	-291.8	-51.76926	121.0988	-277.4	-47.2673	125.6007	-266.6
E4SA059.csv	-134.2359	-17.38906	-273.8	-125.0953	-4.029687	-283.7	-113.1422	0.892187	-297.2	-39.31406	-1.217188	-349.4	-21.73594	1.595312	-347.6	-9.079687	0.892187	-348.5	8.498438	-2.623437	-350.3	84.43594	-1.920313	-299.9	97.09219	-7.545312	-287.3	105.5297	-19.49844	-277.4	32.40469	109.1734	-227	30.99844	104.2516	-243.2	32.40469	97.22031	-254	-59.70469	95.11094	-249.5	-56.89219	100.7359	-241.4	-53.37656	105.6578	-229.7
E4SA060.csv	-137.4094	-65.47188	-274.75	-120.2219	-56.87813	-286.45	-104.5969	-57.65938	-297.25	-28.81563	-69.37813	-346.75	-5.378128	-74.06563	-350.35	6.340622	-74.06563	-351.25	28.99687	-74.06563	-348.55	107.1219	-58.44063	-300.85	123.5281	-58.44063	-288.25	135.2469	-67.03438	-273.85	38.37187	76.71562	-254.95	44.62187	68.12187	-275.65	49.30937	62.65312	-290.05	-49.12813	58.74687	-287.35	-42.87813	68.12187	-272.95	-36.62813	77.49687	-253.15
E4SA061.csv	-108.06	-15.76423	-279.45	-96.60487	-4.309148	-292.95	-87.4408	-4.309148	-309.15	-23.29236	-10.41852	-366.75	-4.200556	-8.89118	-363.15	9.54554	-9.654852	-364.05	27.87367	-11.1822	-368.55	95.0768	-3.545476	-317.25	108.0592	-5.07282	-300.15	118.7506	-15.00056	-290.25	48.49281	128.5698	-251.55	50.02016	122.4604	-268.65	52.31117	114.8237	-283.05	-40.09314	113.2963	-283.05	-40.09314	120.1694	-269.55	-38.5658	128.5698	-248.85
E4SA062.csv	-126.6096	-48.6944	-273.15	-115.1585	-33.71979	-291.15	-108.1116	-28.43464	-309.15	-38.52372	-34.60066	-368.55	-21.7874	-32.83894	-369.45	-11.21709	-31.95808	-370.35	5.519228	-31.07722	-371.25	75.98795	-12.57918	-315.45	85.6774	-16.10262	-296.55	102.4137	-26.67292	-276.75	30.18328	101.9325	-246.15	25.77899	97.5282	-264.15	26.65985	89.60046	-280.35	-79.04324	89.60046	-280.35	-81.68581	90.48132	-269.55	-86.97097	95.76648	-251.55
E4SA063.csv	-106.3514	-14.38778	-264.6	-104.0369	1.813386	-284.6	-97.86508	5.670806	-299.8	-23.03113	-8.98739	-343.8	-8.372935	-9.758874	-343	10.91417	-8.215906	-344.6	27.88681	-2.044034	-341.4	95.77741	16.47158	-306.2	105.0352	12.61416	-288.6	108.8926	-3.587002	-272.6	31.74423	132.9657	-258.2	37.9161	130.6512	-267	42.54501	126.7938	-283.8	-60.06236	112.1356	-289.4	-54.66198	124.4793	-271.8	-46.94714	131.4227	-258.2
E4SA064.csv	-85.56033	38.6932	-327.1	-67.6365	44.14827	-340.7	-56.72635	40.25179	-359.9	16.52757	20.76937	-395.1	32.11351	17.65218	-395.1	47.69945	14.53499	-392.7	64.06469	13.75569	-389.5	127.967	11.4178	-338.3	137.3186	11.4178	-312.7	146.6702	-1.050951	-298.3	87.4436	137.6639	-286.3	92.89867	129.0916	-299.9	92.89867	128.3123	-314.3	7.955305	142.3397	-326.3	2.500226	144.6776	-312.7	7.955305	150.912	-295.9
E4SA065.csv	-99.57599	-51.46818	-247.3	-97.19318	-35.9799	-255	-93.61896	-27.64006	-275.9	-13.79476	-42.53264	-326.5	-6.050616	-40.74553	-326.5	5.863443	-40.14983	-327.6	15.99039	-43.72404	-328.7	94.02749	-30.61858	-273.7	95.2189	-41.34123	-250.6	96.4103	-54.4467	-242.9	50.54117	92.69194	-207.7	50.54117	89.71343	-218.7	48.15836	87.33061	-228.6	-49.53693	91.50053	-233	-55.49397	91.50053	-226.4	-56.08967	97.45757	-213.2
E4SA066.csv	-99.34771	-27.36805	-207.85	-89.17584	-9.204005	-219.85	-80.4571	-9.204005	-235.05	-13.61339	-20.829	-283.85	1.644409	-24.46181	-282.25	19.0819	-25.18837	-281.45	35.79282	-22.28212	-274.25	96.82403	-15.74306	-230.25	103.3631	-15.74306	-213.45	112.8084	-33.90711	-203.85	55.41	104.1397	-166.25	58.31625	100.5069	-187.85	58.31625	96.14748	-202.25	-36.86338	97.60061	-207.85	-38.3165	100.5069	-195.05	-32.504	107.0459	-182.25
E4SA067.csv	-110.1416	-53.5263	-247.15	-101.5869	-37.12981	-259.75	-93.03218	-37.12981	-275.05	-20.3173	-51.38763	-337.15	-7.48526	-49.24896	-338.95	8.911234	-49.24896	-340.75	23.88195	-51.38763	-340.75	91.60659	-32.85246	-282.25	98.7355	-33.56535	-265.15	108.716	-52.10052	-249.85	32.43664	90.47768	-215.65	34.57531	83.34877	-239.95	40.27844	76.93275	-256.15	-49.54583	81.2101	-255.25	-46.69426	84.06166	-242.65	-41.70403	92.61636	-221.95
E4SA068.csv	-99.87032	1.757812	-275.15	-87.21407	10.89844	-283.15	-76.66719	9.492188	-299.95	-7.057813	-1.757812	-349.55	11.92656	-5.976562	-349.55	21.77031	-6.679688	-349.55	41.45781	-2.460938	-350.35	114.5828	3.164062	-302.35	123.7234	3.867188	-291.15	136.3797	-8.789062	-287.15	66.06718	131.1328	-248.75	69.58281	121.2891	-268.75	71.69218	120.5859	-287.15	-21.82344	120.5859	-284.75	-17.60469	124.8047	-269.55	-11.97969	134.6484	-247.95
E4SA069.csv	-144.6492	-14.95847	-340	-130.9695	-2.888152	-349.9	-119.7038	1.135288	-367	-58.54754	-3.69284	-419.2	-37.62566	-7.71628	-423.7	-23.14127	-8.520968	-423.7	0.999368	-2.888152	-418.3	63.76503	-3.69284	-367	71.81191	-4.497528	-352.6	83.07755	-16.56785	-339.1	24.33532	116.2057	-299.5	21.92125	115.401	-322	18.7025	109.7682	-339.1	-82.68819	106.5494	-338.2	-84.29756	112.1822	-320.2	-82.68819	117.0104	-301.3
E4SA070.csv	-130.4766	-21.33594	-145.7	-120.6328	-9.382812	-157.4	-112.8984	-13.60156	-172.7	-45.39844	-14.30469	-222.2	-18.67969	-16.41406	-225.8	-13.75781	-15.00781	-225.8	12.96094	-6.570312	-222.2	77.64844	21.55469	-184.4	84.67969	27.17969	-170	104.3672	20.85156	-150.2	8.742188	130.5391	-117.8	12.25781	117.8828	-143.9	8.742188	117.1797	-155.6	-78.44531	108.7422	-151.1	-78.44531	108.7422	-136.7	-77.03906	117.8828	-122.3
E4SA071.csv	-144.8488	-50.28784	-252.4	-136.298	-32.40892	-258.7	-127.7472	-26.96752	-271.3	-64.78237	-14.53001	-319.9	-45.34877	-17.63939	-329.8	-23.58314	-14.53001	-330.7	-3.372195	-9.088605	-323.5	62.70204	-10.64329	-276.7	72.80752	-14.53001	-264.1	83.69033	-29.29955	-261.4	4.401245	96.63018	-181.3	4.401245	96.63018	-202.9	3.623901	94.29815	-216.4	-91.98941	91.18877	-216.4	-92.76675	91.18877	-204.7	-93.5441	90.41143	-183.1
E4SA072.csv	-124.1766	-19.98906	-273.4	-110.1141	-3.817184	-289.4	-96.75468	-2.410934	-312.6	-26.44218	-18.58281	-363	-8.160934	-19.28593	-362.2	7.307816	-20.69218	-359	25.58907	-19.28593	-358.2	95.19844	-5.926559	-305.4	104.3391	-8.035934	-282.2	116.2922	-24.91093	-263	35.43282	115.0109	-239	38.24532	110.0891	-265.4	45.97969	104.4641	-283.8	-51.75468	105.8703	-285.4	-44.72343	110.7922	-267.8	-41.91093	115.7141	-244.6
E4SA073.csv	-155.2142	-36.39231	-374.7	-139.3939	-18.98996	-389.1	-129.1107	-13.45284	-409.1	-60.29231	-22.94504	-467.5	-46.05402	-22.94504	-469.9	-33.39776	-24.52707	-469.1	-17.57744	-25.31808	-465.1	52.03196	-28.48215	-406.7	64.68822	-33.22825	-387.5	77.34448	-50.6306	-372.3	19.60031	85.42416	-329.1	17.22726	81.46908	-350.7	17.22726	76.72298	-368.3	-83.23177	81.46908	-368.3	-78.48568	85.42416	-350.7	-77.69466	90.96127	-331.5
E4SA074.csv	-117.6691	-19.27298	-320.45	-108.3332	-3.401885	-336.65	-99.93082	-4.335479	-352.85	-26.1769	-15.53861	-404.15	-5.637834	-17.40579	-405.05	12.10045	-17.40579	-405.95	31.70593	-15.53861	-404.15	113.8622	-7.136261	-367.25	122.2645	-9.003449	-344.75	138.1356	-25.80814	-327.65	52.245	120.7661	-287.15	55.04578	116.0981	-306.05	64.38171	102.0942	-326.75	-41.11441	104.895	-324.95	-34.57925	118.8989	-306.05	-27.1105	124.5005	-286.25
E4SA075.csv	-132.7953	-33.56718	-177.15	-113.8109	-16.69218	-193.95	-104.6703	-15.98906	-205.95	-26.62344	-22.31718	-252.35	-7.639069	-27.23906	-258.75	5.017181	-27.23906	-255.55	19.78281	-22.31718	-249.95	93.61093	-2.629684	-207.55	104.1578	-2.629684	-189.95	114.0016	-18.09843	-171.55	24.00156	121.1203	-125.15	28.22031	121.8234	-146.75	28.92343	116.1984	-167.55	-58.26407	109.1672	-163.55	-65.29532	114.0891	-149.15	-60.37344	120.4172	-125.15
E4SA076.csv	-122.8443	-44.61936	-184.15	-108.8541	-24.00217	-200.35	-96.33653	-21.79319	-217.45	-25.64905	-20.32054	-264.25	-3.559206	-23.26585	-270.55	2.331418	-21.05686	-271.45	22.9486	-16.6389	-265.15	90.69078	-1.176007	-218.35	100.263	-3.384991	-195.85	114.2533	-21.05686	-177.85	29.57555	111.4822	-152.65	34.72985	106.3279	-164.35	31.04821	106.3279	-178.75	-67.61974	96.75562	-180.55	-69.82873	98.22827	-164.35	-66.14709	101.9099	-149.95
E4SA077.csv	-137.5117	-97.16028	-340.5	-132.6289	-77.62904	-358	-133.6055	-71.76967	-379.25	-74.03522	-53.21499	-428	-40.83211	-56.14467	-436.75	-30.08993	-55.16811	-435.5	-4.699319	-27.82437	-430.5	51.94128	-1.457201	-391.75	63.66002	-1.457201	-371.75	85.14439	-6.340011	-354.25	-32.04306	108.8943	-329.25	-31.06649	104.0115	-349.25	-33.01962	97.17556	-364.25	-125.793	63.97245	-356.75	-130.6758	62.01933	-341.75	-130.6758	73.73807	-324.25
E4SA078.csv	-152.5558	-74.98238	-359.9	-139.1261	-58.56831	-376.7	-128.6808	-52.59956	-395.1	-58.54799	-39.16987	-444.7	-38.40346	-43.64643	-447.9	-21.98939	-45.13862	-448.7	-1.84485	-42.15425	-442.3	54.85829	-51.85347	-387.1	61.57314	-57.07613	-368.7	72.76455	-74.23629	-354.3	8.600466	66.77548	-296.7	9.34656	60.06063	-312.7	9.34656	55.58407	-331.9	-90.63004	56.33016	-334.3	-94.3605	62.29891	-315.9	-98.09097	66.02938	-299.1
E4SA079.csv	-112.9016	-28.47656	-337.8	-110.0891	-8.085938	-356.7	-107.2766	-7.382812	-372.9	-29.22969	-22.14844	-428.7	-14.46407	-21.44531	-426.9	-4.620316	-21.44531	-426	12.25468	-20.03906	-425.1	82.56718	-8.085938	-373.8	85.37968	-11.60156	-353.1	88.19218	-32.69531	-340.5	39.67656	116.3672	-305.4	36.86406	111.4453	-326.1	35.45781	100.1953	-345	-57.35469	103.7109	-345	-60.16719	110.0391	-331.5	-67.19844	117.7734	-307.2
E4SA080.csv	-110.9571	-1.139991	-322.2	-97.01178	16.90687	-335.7	-86.34772	12.80531	-360.9	-10.87902	-8.522799	-399.6	7.167844	-14.26498	-400.5	20.29284	-15.0853	-399.6	42.44126	-15.90561	-397.8	117.91	-18.36654	-350.1	126.9334	-18.36654	-327.6	133.4959	-38.87434	-314.1	69.51156	110.4224	-283.5	70.33187	104.6803	-308.7	76.07405	99.75839	-327.6	-17.44152	115.3443	-329.4	-13.33996	118.6256	-314.1	-14.16027	125.1881	-291.6
E4SA081.csv	-142.2299	-40.52674	-239.45	-129.3373	-24.27087	-254.65	-119.2475	-23.71033	-270.65	-47.49744	-30.99744	-322.65	-34.60486	-32.67908	-323.45	-16.10681	-32.67908	-325.05	-1.532583	-30.43689	-325.05	70.21743	-29.3158	-279.45	83.67056	-31.55798	-263.45	98.80533	-48.37439	-251.45	32.66078	91.76235	-209.85	30.4186	85.59634	-224.25	30.97914	83.35415	-236.25	-63.7533	84.47524	-232.25	-62.63221	90.08071	-217.05	-66.55604	95.12564	-201.85
E4SA082.csv	-108.0637	-17.83237	-258.05	-89.89959	2.148108	-262.05	-81.42302	8.202799	-281.25	-6.344864	-10.56674	-320.45	12.42467	-10.56674	-319.65	26.35046	-11.17221	-318.05	46.93641	-8.144864	-311.65	114.1435	22.73406	-260.45	123.831	17.28483	-240.45	138.3622	3.359046	-230.05	35.4325	122.031	-204.45	48.14735	116.5817	-218.85	52.38563	109.9216	-236.45	-40.8566	104.4724	-245.25	-39.04019	110.5271	-226.85	-29.95816	118.3982	-209.25
E4SA083.csv	-114.7462	-49.21966	-454.4	-104.004	-38.47748	-480.5	-94.23836	-37.50092	-501.2	-31.73839	-58.00872	-553.4	-5.371219	-65.82121	-557	4.394401	-64.84465	-557	33.69126	-63.86809	-552.5	103.0272	-49.21966	-514.7	111.8162	-52.14934	-493.1	122.5584	-65.82121	-473.3	62.01156	80.66309	-436.4	57.12875	76.75684	-458.9	58.10531	66.01466	-478.7	-33.69152	72.85059	-472.4	-31.73839	79.68652	-458	-31.73839	88.47558	-431
E4SA084.csv	-131.8526	-12.56669	-375.55	-120.1768	3.279008	-388.15	-112.6709	3.279008	-408.85	-26.77059	-14.23466	-450.25	-14.26083	-15.06864	-452.05	-2.585056	-15.06864	-452.05	9.09072	-14.23466	-450.25	89.15318	-0.890912	-403.45	94.15709	-5.894816	-379.15	104.1649	-20.90653	-364.75	27.43837	131.7125	-343.15	34.94423	123.3727	-362.05	39.94813	115.8669	-378.25	-55.96003	124.2067	-383.65	-52.6241	130.0446	-367.45	-51.79011	137.5504	-338.65
E4SA085.csv	-99.63907	-23.55469	-329.8	-90.49844	-12.30469	-343.3	-75.73282	-11.60156	-359.5	-0.498444	-26.36719	-399.1	16.37656	-35.50781	-403.6	28.32968	-36.21094	-403.6	46.61093	-31.28906	-395.5	119.7359	-31.28906	-347.8	129.5797	-31.28906	-325.3	138.7203	-44.64844	-308.2	72.62656	100.1953	-291.1	76.84531	93.86719	-311.8	77.54843	84.72656	-334.3	-9.639069	97.38281	-343.3	-12.45157	100.8984	-322.6	-11.74844	108.6328	-301
E4SA086.csv	-119.4141	-24.73593	-404.05	-110.9766	-5.751556	-418.45	-101.8359	4.092194	-444.55	-32.22656	-8.564056	-483.25	-11.13281	-10.67343	-480.55	4.335938	-9.970306	-480.55	24.02344	-8.564056	-479.65	93.63281	-1.532807	-435.55	99.25781	-6.454681	-414.85	104.1797	-26.14218	-396.85	41.60156	122.9203	-360.85	36.67969	116.5922	-381.55	41.60156	109.5609	-400.45	-52.61719	114.4828	-401.35	-51.21094	119.4047	-385.15	-54.72656	124.3266	-366.25
E4SA087.csv	-127.8547	5.845306	-386.8	-108.8703	16.39218	-400.3	-101.1359	14.98593	-425.5	-26.60469	-5.404694	-468.7	-6.917191	-8.217194	-468.7	5.035934	-11.73282	-467.8	26.12968	-15.95157	-468.7	107.6922	-18.06094	-426.4	114.0203	-20.87344	-403	126.6766	-38.45157	-385	71.12968	128.1891	-358	70.42656	122.5641	-377.8	69.72343	121.8609	-396.7	-23.08907	138.7359	-397.6	-25.19844	140.1422	-377.8	-27.30782	146.4703	-358.9
E4SA088.csv	-129.5129	-23.698	-233.2	-115.8488	-6.307368	-240.4	-103.4269	-1.95971	-261.1	-43.18081	-8.791744	-313.3	-27.65346	-10.65503	-313.3	-9.641734	-10.03393	-314.2	7.127804	-8.791744	-315.1	67.37392	4.872324	-260.2	75.44814	3.009042	-243.1	92.83878	-13.1394	-231.4	17.06531	118.5325	-195.4	16.44421	112.3216	-209.8	18.92859	109.8372	-228.7	-68.02457	117.9114	-231.4	-70.50895	116.0481	-209.8	-71.13004	118.5325	-198.1
E4SA089.csv	-108.8719	3.909378	-307.05	-94.80937	13.28438	-325.95	-84.65312	14.06563	-348.45	-1.840622	-4.684372	-396.15	12.22188	-3.903122	-397.95	20.81563	-4.684372	-395.25	38.78438	-7.028122	-393.45	112.2219	-2.340622	-340.35	121.5969	-4.684372	-318.75	134.0969	-17.96562	-298.95	67.69063	123.4406	-277.35	66.90938	114.0656	-295.35	73.15938	106.2531	-309.75	-22.15312	115.6281	-318.75	-16.68437	121.8781	-302.55	-16.68437	131.2531	-281.85
E4SA090.csv	-118.4766	-18.97969	-247.65	-110.7422	-9.135938	-261.25	-96.67969	-6.323438	-281.25	-31.99219	-26.71406	-320.45	-12.30469	-26.01094	-320.45	2.460938	-27.41719	-319.65	22.14844	-26.01094	-317.25	90.35156	-12.65156	-281.25	97.38281	-14.05781	-262.85	108.6328	-27.41719	-250.85	40.42969	107.5828	-225.25	41.83594	101.9578	-242.85	39.72656	98.44218	-259.65	-40.42969	101.2547	-261.25	-39.02344	102.6609	-247.65	-38.32031	112.5047	-230.05
E4SA091.csv	-170.4066	-43.98316	-170.05	-145.6918	-24.61206	-187.65	-134.3363	-26.61596	-207.65	-55.51597	-31.29175	-256.45	-37.48081	-35.96753	-259.65	-24.12143	-33.96362	-261.25	2.59733	-32.62769	-255.65	80.08173	-31.95972	-202.05	90.10126	-33.29565	-179.65	111.4763	-53.33472	-162.85	15.28874	90.94658	-118.85	23.97234	84.26689	-145.25	23.30437	82.26299	-158.85	-76.22302	87.60674	-161.25	-80.23083	87.60674	-150.85	-70.21129	94.95439	-131.65
E4SA092.csv	-117.7578	-61.52344	-152.4	-120.5703	-48.16406	-167.6	-117.7578	-46.75781	-182	-38.30469	-62.92969	-256.4	-25.64844	-63.63281	-256.4	-10.17969	-65.03906	-260.4	7.398438	-60.82031	-257.2	86.14844	-38.32031	-194.8	91.77344	-41.13281	-175.6	94.58594	-54.49219	-161.2	32.71094	93.86719	-151.6	33.41406	84.02344	-162.8	29.19531	79.10156	-178.8	-77.67969	76.99219	-173.2	-81.19531	80.50781	-159.6	-80.49219	92.46094	-149.2
E4SA093.csv	-124.2774	-55.92117	-191.7	-111.9727	-37.054	-203.4	-102.9493	-32.13213	-221.4	-35.6837	-40.33524	-258.3	-19.27746	-44.43681	-262.8	-1.230596	-44.43681	-265.5	16.81627	-35.41337	-259.2	89.82404	-19.00713	-232.2	104.5897	-23.92901	-213.3	118.535	-37.054	-199.8	30.76157	96.65686	-169.2	34.86313	88.45374	-186.3	32.40219	90.91467	-205.2	-62.754	76.96938	-201.6	-55.37119	82.71156	-181.8	-45.52744	90.09436	-162.9
E4SA094.csv	-132.9453	-38.32031	-333.25	-119.5859	-21.44531	-346.75	-111.8516	-22.85156	-369.25	-38.72656	-46.75781	-407.05	-14.82031	-57.30469	-410.65	5.570312	-58.00781	-407.95	27.36719	-49.57031	-396.25	100.4922	-32.69531	-353.05	106.1172	-31.28906	-334.15	114.5547	-50.97656	-319.75	56.19531	107.9297	-299.05	59.00781	103.7109	-318.85	63.22656	92.46094	-334.15	-43.64844	98.08594	-339.55	-45.05469	100.8984	-329.65	-47.86719	106.5234	-311.65
E4SA095.csv	-111.8178	-20.15369	-390.3	-104.6205	-0.524778	-408.3	-101.349	4.709598	-425.4	-31.99353	-11.64783	-472.2	-10.40173	-20.80798	-479.4	2.684211	-21.46228	-478.5	27.5475	-12.95642	-471.3	98.86587	0.129518	-438	104.7545	-9.684937	-412.8	110.6432	-29.31385	-394.8	60.91665	131.6432	-357	60.91665	127.7174	-379.5	55.68227	127.7174	-396.6	-41.15369	125.7545	-394.8	-41.80799	130.3346	-380.4	-39.1908	136.2233	-359.7
E4SA096.csv	-115.2172	-32.57968	-391.5	-96.23282	-23.43906	-396.9	-77.24844	-23.43906	-414.9	-16.77969	-47.34531	-468.9	-1.310943	-45.93906	-468.9	10.64218	-45.23593	-468.9	26.11093	-47.34531	-469.8	92.90781	-29.76718	-416.7	104.1578	-28.36093	-402.3	121.7359	-45.93906	-387.9	51.42343	92.57657	-371.7	54.23593	83.43594	-387	56.34531	79.21719	-401.4	-31.54532	82.73282	-405	-30.84219	86.95157	-388.8	-29.43594	95.38907	-372.6
E4SA097.csv	-108.4641	-57.15781	-285.85	-102.8391	-42.39218	-304.75	-97.91719	-43.09531	-331.75	-28.30782	-64.18906	-386.65	-10.02657	-68.40781	-389.35	4.739059	-67.70468	-390.25	23.72343	-66.29843	-390.25	101.7703	-42.39218	-343.45	108.0984	-39.57968	-321.85	121.4578	-54.34531	-305.65	58.87968	92.60782	-305.65	54.66093	86.27969	-320.05	55.36406	75.73282	-330.85	-56.43282	72.21719	-325.45	-54.32344	84.87344	-314.65	-57.13594	94.01407	-304.75
E4SA098.csv	-106.1221	4.222883	-267.3	-98.96776	14.55687	-287.3	-87.04393	12.96702	-305.7	-16.29587	-17.24001	-356.1	-3.577117	-18.82985	-355.3	9.936557	-18.82985	-354.5	23.45023	-19.62478	-353.7	96.58305	-2.931415	-305.7	106.1221	-4.521259	-287.3	117.251	-18.03493	-269.7	62.40141	129.0256	-264.9	63.99125	121.0764	-283.3	62.40141	116.3069	-301.7	-30.60447	122.6663	-305.7	-27.42478	129.0256	-288.9	-27.42478	137.7698	-272.1
E4SA099.csv	-127.4668	18.45982	-327.15	-112.8574	31.60826	-341.55	-98.24802	31.60826	-367.15	-17.16596	9.694194	-412.75	-1.826108	8.233255	-412.75	13.51374	7.502787	-411.15	29.58406	11.15513	-408.75	103.3614	20.65123	-351.95	115.7794	23.57311	-329.55	126.006	7.502787	-309.55	42.00203	160.9013	-291.15	48.57625	149.9442	-315.95	52.95907	144.831	-331.95	-44.92378	147.0224	-337.55	-42.73237	153.5966	-321.55	-40.54097	165.2841	-291.95
E4SA100.csv	-155.0953	-43.08281	-297.2	-138.0328	-33.94219	-309.2	-128.2828	-36.37969	-322.8	-64.29844	-48.56719	-371.6	-44.18906	-52.83281	-374.8	-24.68906	-54.66094	-374.8	-4.579688	-52.83281	-371.6	54.52969	-47.34844	-318	63.67031	-46.12969	-303.6	79.51406	-54.05156	-290.8	10.04531	81.83907	-247.6	11.87344	75.13594	-264.4	8.826563	70.26094	-276.4	-77.09531	76.35469	-282.8	-81.36094	82.44844	-271.6	-77.70469	89.76094	-257.2
